{"timestamps": [1520151500.61153, 1520151501.00695, 1520151501.078336, 1520151501.08147, 1520151501.08686, 1520151501.090503, 1520151501.094172, 1520151501.136174, 1520151501.372709, 1520151501.445408, 1520151501.452948, 1520151501.457723, 1520151501.460891, 1520151501.465861, 1520151501.468685, 1520151501.478468, 1520151501.508955, 1520151501.513988, 1520151501.517756, 1520151501.527738, 1520151501.530936, 1520151501.548315, 1520151501.555795, 1520151501.564393, 1520151501.582965, 1520151501.585844, 1520151501.588193, 1520151502.017098, 1520151502.106622, 1520151502.111321, 1520151502.152385, 1520151502.156929, 1520151502.175929, 1520151502.179296, 1520151502.191236, 1520151502.20524, 1520151502.209767, 1520151502.249874, 1520151502.253542, 1520151502.261229, 1520151502.265331, 1520151502.269423, 1520151502.282198, 1520151502.28506, 1520151502.288917, 1520151502.29299, 1520151502.297064, 1520151502.303579, 1520151502.309384, 1520151502.313979, 1520151502.321906, 1520151502.324346, 1520151502.328552, 1520151502.330728, 1520151502.335223, 1520151502.338832, 1520151502.342651, 1520151502.345739, 1520151502.350518, 1520151502.353607, 1520151502.356788, 1520151502.360112, 1520151502.365156, 1520151502.370689, 1520151502.825176, 1520151502.924989, 1520151502.929145, 1520151502.935765, 1520151502.940176, 1520151502.944527, 1520151502.95284, 1520151502.962365, 1520151502.964718, 1520151502.973994, 1520151502.977803, 1520151502.980397, 1520151502.983736, 1520151502.991222, 1520151502.996028, 1520151502.998885, 1520151503.001219, 1520151503.004324, 1520151503.008876, 1520151503.01665, 1520151503.022894, 1520151503.029448, 1520151503.043552, 1520151503.047193, 1520151503.05003, 1520151503.055317, 1520151503.059125, 1520151503.062706, 1520151503.077639, 1520151503.080722, 1520151503.083596, 1520151503.090333, 1520151503.093402, 1520151503.096, 1520151503.101304, 1520151503.103909], "initial_reset_timestamp": 1520151496.933668, "episode_types": ["t", "t", "t", "t", "t", "t", "t", "t", "t", "t", "t", "t", "t", "t", "t", "t", "t", "t", "t", "t", "t", "t", "t", "t", "t", "t", "t", "t", "t", "t", "t", "t", "t", "t", "t", "t", "t", "t", "t", "t", "t", "t", "t", "t", "t", "t", "t", "t", "t", "t", "t", "t", "t", "t", "t", "t", "t", "t", "t", "t", "t", "t", "t", "t", "t", "t", "t", "t", "t", "t", "t", "t", "t", "t", "t", "t", "t", "t", "t", "t", "t", "t", "t", "t", "t", "t", "t", "t", "t", "t", "t", "t", "t", "t", "t", "t", "t", "t", "t", "t"], "episode_lengths": [14, 13, 13, 12, 21, 14, 14, 24, 11, 12, 29, 18, 12, 19, 11, 39, 19, 19, 14, 26, 12, 18, 9, 34, 23, 11, 9, 17, 24, 18, 14, 17, 28, 13, 48, 14, 16, 17, 14, 30, 16, 12, 17, 11, 15, 16, 16, 24, 23, 18, 31, 9, 16, 8, 17, 14, 15, 12, 19, 12, 12, 13, 20, 22, 20, 43, 15, 25, 17, 17, 33, 38, 9, 37, 15, 10, 13, 30, 19, 11, 9, 12, 18, 31, 24, 25, 52, 14, 11, 21, 15, 14, 57, 12, 11, 27, 12, 10, 20, 10], "episode_rewards": [14.0, 13.0, 13.0, 12.0, 21.0, 14.0, 14.0, 24.0, 11.0, 12.0, 29.0, 18.0, 12.0, 19.0, 11.0, 39.0, 19.0, 19.0, 14.0, 26.0, 12.0, 18.0, 9.0, 34.0, 23.0, 11.0, 9.0, 17.0, 24.0, 18.0, 14.0, 17.0, 28.0, 13.0, 48.0, 14.0, 16.0, 17.0, 14.0, 30.0, 16.0, 12.0, 17.0, 11.0, 15.0, 16.0, 16.0, 24.0, 23.0, 18.0, 31.0, 9.0, 16.0, 8.0, 17.0, 14.0, 15.0, 12.0, 19.0, 12.0, 12.0, 13.0, 20.0, 22.0, 20.0, 43.0, 15.0, 25.0, 17.0, 17.0, 33.0, 38.0, 9.0, 37.0, 15.0, 10.0, 13.0, 30.0, 19.0, 11.0, 9.0, 12.0, 18.0, 31.0, 24.0, 25.0, 52.0, 14.0, 11.0, 21.0, 15.0, 14.0, 57.0, 12.0, 11.0, 27.0, 12.0, 10.0, 20.0, 10.0]}